Question,Course
"What is the relationship between force, mass, and acceleration, as described by Newton's second law of motion?",Physics
How does the concept of momentum relate to Newton's laws of motion?,Physics
"What is the principle behind the conservation of energy, and how does it apply to various physical systems?",Physics
Explain the concept of electric potential energy and its relationship to electric charges.,Physics
How does the phenomenon of wave interference demonstrate the principle of superposition in physics?,Physics
"What is the relationship between frequency, wavelength, and the speed of a wave, as described by the wave equation?",Physics
How does the principle of conservation of angular momentum apply in rotational motion?,Physics
Explain the concept of gravitational potential energy and its relationship to the mass and height of an object.,Physics
"How does the behavior of gases relate to the ideal gas law equation, PV = nRT?",Physics
"Describe the relationship between electrical resistance, current, and voltage in Ohm's law.",Physics
What is the relationship between frequency and period in simple harmonic motion?,Physics
Explain the concept of magnetic induction and its relationship to Faraday's law of electromagnetic induction.,Physics
How does the Doppler effect demonstrate the change in frequency of a wave due to relative motion between the source and the observer?,Physics
Describe the relationship between temperature and the average kinetic energy of particles in an ideal gas.,Physics
What is the relationship between the period and frequency of a pendulum?,Physics
Explain the concept of buoyancy and its relationship to the density of an object and the density of the fluid it is submerged in.,Physics
How does the phenomenon of diffraction demonstrate the wave nature of light?,Physics
Describe the relationship between the angle of incidence and the angle of reflection in the law of reflection.,Physics
What is the relationship between the focal length and the curvature of a lens in optics?,Physics
How does the concept of capacitance relate to the ability of a capacitor to store electrical charge?,Physics
Describe the relationship between the atomic number and the number of protons in an atom.,Chemistry
How does the concept of electronegativity explain the unequal sharing of electrons in a covalent bond?,Chemistry
Explain the relationship between the pH scale and the concentration of hydrogen ions in a solution.,Chemistry
How does the concept of entropy relate to the spontaneity of chemical reactions?,Chemistry
"Describe the relationship between the rate of a chemical reaction and factors such as temperature, concentration, and catalysts.",Chemistry
What is the relationship between the boiling point and the intermolecular forces present in a substance?,Chemistry
How does the concept of oxidation numbers relate to the transfer of electrons in redox reactions?,Chemistry
Describe the relationship between the solubility of a solute and temperature in a solution.,Chemistry
How does the concept of equilibrium relate to reversible chemical reactions?,Chemistry
Explain the relationship between the heat of fusion and the phase transition from solid to liquid.,Chemistry
Describe the relationship between the atomic radius and the ionization energy of an element.,Chemistry
How does the concept of resonance contribute to the stability of molecules with multiple resonance structures?,Chemistry
Explain the relationship between the concentration of reactants and the rate of reaction as described by the rate law.,Chemistry
Describe the relationship between the Lewis acid-base theory and the donation and acceptance of electron pairs.,Chemistry
How does the concept of chirality relate to the asymmetric carbon atoms in organic molecules?,Chemistry
Explain the relationship between the molecular geometry of a compound and its polarity.,Chemistry
Describe the relationship between the Gibbs free energy and the spontaneity of a chemical reaction.,Chemistry
How does the concept of stoichiometry relate to the balancing of chemical equations?,Chemistry
Explain the relationship between the molarity of a solution and the number of moles of solute dissolved in a given volume of solvent.,Chemistry
Describe the relationship between the strength of an acid or base and its dissociation constant (Ka or Kb).,Chemistry
"What is nanoscience, and how does it differ from other branches of science?",Nano
"How are nanoparticles defined, and what are some common characteristics of nanoparticles?",Nano
What are the potential applications of nanotechnology in medicine and healthcare?,Nano
How do quantum effects influence the behavior of nanoparticles at the nanoscale?,Nano
"What are some methods used to synthesize nanoparticles, and how do they affect the properties of the resulting nanoparticles?",Nano
What is the significance of surface area-to-volume ratio in nanomaterials?,Nano
"How do nanoparticles interact with biological systems, and what are the implications for nanomedicine?",Nano
"What are carbon nanotubes, and what unique properties make them suitable for various applications?",Nano
How do nanomaterials contribute to improving energy storage and conversion technologies?,Nano
What is the role of nanotechnology in environmental remediation and pollution control?,Nano
How do nanoparticles influence the mechanical properties of materials when incorporated into composites?,Nano
What are some challenges and concerns regarding the toxicity and environmental impact of nanoparticles?,Nano
How do nanomaterials enable advancements in electronics and optoelectronics?,Nano
"What are quantum dots, and how are they used in display technologies and bioimaging?",Nano
"How does the size and shape of nanoparticles affect their optical, electronic, and catalytic properties?",Nano
"What is self-assembly in nanoscience, and how is it utilized to create nanostructures with specific properties?",Nano
"What are some methods for characterizing nanoparticles, and how do they provide insights into their structure and properties?",Nano
How do nanomaterials contribute to improving the efficiency and selectivity of catalytic processes?,Nano
What are some emerging trends and future directions in nanoscience research?,Nano
How can nanotechnology be integrated into various industries to enhance product performance and functionality?,Nano
